CAPITAL,"$ 8,175,926.25",plazo,24,TNA,53.90%,,,T.E.M.,4.49%,78.83%,,CAPITAL,"$ 8,175,926.25",plazo,36,TNA,53.90%,,,T.E.M.,4.49%,,CAPITAL,"$ 8,175,926.25",plazo,48,TNA,53.90%,,,T.E.M.,4.49%
CUOTA,CAPITAL,INTERES,IVA,CAPITAL,CUOTA (1),,AMORTIZACION,CAPITAL,SALDO,59.56%,,CUOTA,CAPITAL,INTERES,IVA,CAPITAL,CUOTA (1),,AMORTIZACION,CAPITAL,SALDO,,CUOTA,CAPITAL,INTERES,IVA,CAPITAL,CUOTA (1),,AMORTIZACION,CAPITAL,SALDO
,,,,,SIN IVA,CON IVA,PERIODO,ACUMULADO,DEUDA,4.96%,,,,,,,SIN IVA,CON IVA,PERIODO,ACUMULADO,DEUDA,,,,,,,SIN IVA,CON IVA,PERIODO,ACUMULADO,DEUDA
,,IVA,10.5%,,Promedio,"$ 586,968.40",,,,"-$ 8,175,926.25",,,,IVA,10.5%,,,"$ 474,637.44",,,,,,,IVA,10.5%,,," $  2,207,531.55 ",,,
1,"$ 8,175,926.25","$ 367,235.35","$ 38,559.71","$ 8,543,161.60","$ 563,563.87","$ 602,123.59","$ 196,328.52","$ 196,328.52","$ 7,979,597.73","$602,123.59",,1,"$ 8,175,926.25","$ 367,235.35","$ 38,559.71","$ 8,543,161.60","$ 462,290.42","$ 500,850.13","$ 95,055.07","$ 95,055.07","$ 8,080,871.18",,1,"$ 8,175,926.25","$ 367,235.35","$ 38,559.71","$ 8,543,161.60","$ 417,959.49","$ 456,519.21","$ 50,724.14","$ 50,724.14","$ 8,125,202.11"
2,"$ 7,979,597.73","$ 358,416.93","$ 37,633.78","$ 8,338,014.66","$ 563,563.87","$ 601,197.65","$ 205,146.94","$ 401,475.46","$ 7,774,450.79","$601,197.65",,2,"$ 8,080,871.18","$ 362,965.80","$ 38,111.41","$ 8,443,836.98","$ 462,290.42","$ 500,401.83","$ 99,324.62","$ 194,379.69","$ 7,981,546.56",,2,"$ 8,125,202.11","$ 364,956.99","$ 38,320.48","$ 8,490,159.11","$ 417,959.49","$ 456,279.98","$ 53,002.50","$ 103,726.64","$ 8,072,199.61"
3,"$ 7,774,450.79","$ 349,202.41","$ 36,666.25","$ 8,123,653.20","$ 563,563.87","$ 600,230.13","$ 214,361.46","$ 615,836.92","$ 7,560,089.33","$600,230.13",,3,"$ 7,981,546.56","$ 358,504.47","$ 37,642.97","$ 8,340,051.03","$ 462,290.42","$ 499,933.39","$ 103,785.95","$ 298,165.64","$ 7,877,760.61",,3,"$ 8,072,199.61","$ 362,576.30","$ 38,070.51","$ 8,434,775.91","$ 417,959.49","$ 456,030.01","$ 55,383.19","$ 159,109.83","$ 8,016,816.42"
4,"$ 7,560,089.33","$ 339,574.01","$ 35,655.27","$ 7,899,663.34","$ 563,563.87","$ 599,219.15","$ 223,989.86","$ 839,826.79","$ 7,336,099.46","$599,219.15",,4,"$ 7,877,760.61","$ 353,842.75","$ 37,153.49","$ 8,231,603.36","$ 462,290.42","$ 499,443.91","$ 108,447.67","$ 406,613.31","$ 7,769,312.94",,4,"$ 8,016,816.42","$ 360,088.67","$ 37,809.31","$ 8,376,905.09","$ 417,959.49","$ 455,768.80","$ 57,870.82","$ 216,980.66","$ 7,958,945.59"
5,"$ 7,336,099.46","$ 329,513.13","$ 34,598.88","$ 7,665,612.60","$ 563,563.87","$ 598,162.75","$ 234,050.74","$ 1,073,877.53","$ 7,102,048.72","$598,162.75",,5,"$ 7,769,312.94","$ 348,971.64","$ 36,642.02","$ 8,118,284.58","$ 462,290.42","$ 498,932.44","$ 113,318.78","$ 519,932.09","$ 7,655,994.16",,5,"$ 7,958,945.59","$ 357,489.31","$ 37,536.38","$ 8,316,434.90","$ 417,959.49","$ 455,495.87","$ 60,470.19","$ 277,450.84","$ 7,898,475.41"
6,"$ 7,102,048.72","$ 319,000.36","$ 33,495.04","$ 7,421,049.08","$ 563,563.87","$ 597,058.91","$ 244,563.52","$ 1,318,441.05","$ 6,857,485.20","$597,058.91",,6,"$ 7,655,994.16","$ 343,881.74","$ 36,107.58","$ 7,999,875.89","$ 462,290.42","$ 498,398.00","$ 118,408.68","$ 638,340.77","$ 7,537,585.48",,6,"$ 7,898,475.41","$ 354,773.19","$ 37,251.18","$ 8,253,248.59","$ 417,959.49","$ 455,210.68","$ 63,186.31","$ 340,637.15","$ 7,835,289.10"
7,"$ 6,857,485.20","$ 308,015.38","$ 32,341.61","$ 7,165,500.58","$ 563,563.87","$ 595,905.49","$ 255,548.50","$ 1,573,989.55","$ 6,601,936.70","$595,905.49",,7,"$ 7,537,585.48","$ 338,563.21","$ 35,549.14","$ 7,876,148.69","$ 462,290.42","$ 497,839.56","$ 123,727.21","$ 762,067.98","$ 7,413,858.27",,7,"$ 7,835,289.10","$ 351,935.07","$ 36,953.18","$ 8,187,224.17","$ 417,959.49","$ 454,912.68","$ 66,024.43","$ 406,661.58","$ 7,769,264.67"
8,"$ 6,601,936.70","$ 296,536.99","$ 31,136.38","$ 6,898,473.69","$ 563,563.87","$ 594,700.26","$ 267,026.88","$ 1,841,016.43","$ 6,334,909.82","$594,700.26",,8,"$ 7,413,858.27","$ 333,005.80","$ 34,965.61","$ 7,746,864.07","$ 462,290.42","$ 497,256.03","$ 129,284.62","$ 891,352.60","$ 7,284,573.65",,8,"$ 7,769,264.67","$ 348,969.47","$ 36,641.79","$ 8,118,234.15","$ 417,959.49","$ 454,601.29","$ 68,990.02","$ 475,651.60","$ 7,700,274.65"
9,"$ 6,334,909.82","$ 284,543.03","$ 29,877.02","$ 6,619,452.85","$ 563,563.87","$ 593,440.89","$ 279,020.84","$ 2,120,037.27","$ 6,055,888.98","$593,440.89",,9,"$ 7,284,573.65","$ 327,198.77","$ 34,355.87","$ 7,611,772.42","$ 462,290.42","$ 496,646.29","$ 135,091.65","$ 1,026,444.25","$ 7,149,482.00",,9,"$ 7,700,274.65","$ 345,870.67","$ 36,316.42","$ 8,046,145.32","$ 417,959.49","$ 454,275.91","$ 72,088.82","$ 547,740.42","$ 7,628,185.83"
10,"$ 6,055,888.98","$ 272,010.35","$ 28,561.09","$ 6,327,899.32","$ 563,563.87","$ 592,124.96","$ 291,553.53","$ 2,411,590.80","$ 5,764,335.45","$592,124.96",,10,"$ 7,149,482.00","$ 321,130.90","$ 33,718.74","$ 7,470,612.90","$ 462,290.42","$ 496,009.16","$ 141,159.52","$ 1,167,603.77","$ 7,008,322.48",,10,"$ 7,628,185.83","$ 342,632.68","$ 35,976.43","$ 7,970,818.51","$ 417,959.49","$ 453,935.93","$ 75,326.81","$ 623,067.24","$ 7,552,859.01"
11,"$ 5,764,335.45","$ 258,914.73","$ 27,186.05","$ 6,023,250.18","$ 563,563.87","$ 590,749.92","$ 304,649.14","$ 2,716,239.94","$ 5,459,686.31","$590,749.92",,11,"$ 7,008,322.48","$ 314,790.48","$ 33,053.00","$ 7,323,112.96","$ 462,290.42","$ 495,343.42","$ 147,499.93","$ 1,315,103.71","$ 6,860,822.54",,11,"$ 7,552,859.01","$ 339,249.25","$ 35,621.17","$ 7,892,108.26","$ 417,959.49","$ 453,580.67","$ 78,710.24","$ 701,777.48","$ 7,474,148.77"
12,"$ 5,459,686.31","$ 245,230.91","$ 25,749.25","$ 5,704,917.22","$ 563,563.87","$ 589,313.12","$ 318,332.96","$ 3,034,572.91","$ 5,141,353.34","$589,313.12",,12,"$ 6,860,822.54","$ 308,165.28","$ 32,357.35","$ 7,168,987.82","$ 462,290.42","$ 494,647.77","$ 154,125.14","$ 1,469,228.85","$ 6,706,697.40",,12,"$ 7,474,148.77","$ 335,713.85","$ 35,249.95","$ 7,809,862.62","$ 417,959.49","$ 453,209.45","$ 82,245.64","$ 784,023.12","$ 7,391,903.13"
13,"$ 5,141,353.34","$ 230,932.45","$ 24,247.91","$ 5,372,285.80","$ 563,563.87","$ 587,811.78","$ 332,631.42","$ 3,367,204.33","$ 4,808,721.92","$587,811.78",,13,"$ 6,706,697.40","$ 301,242.49","$ 31,630.46","$ 7,007,939.89","$ 462,290.42","$ 493,920.88","$ 161,047.93","$ 1,630,276.78","$ 6,545,649.47",,13,"$ 7,391,903.13","$ 332,019.65","$ 34,862.06","$ 7,723,922.77","$ 417,959.49","$ 452,821.56","$ 85,939.85","$ 869,962.97","$ 7,305,963.28"
14,"$ 4,808,721.92","$ 215,991.76","$ 22,679.13","$ 5,024,713.68","$ 563,563.87","$ 586,243.01","$ 347,572.12","$ 3,714,776.44","$ 4,461,149.81","$586,243.01",,14,"$ 6,545,649.47","$ 294,008.76","$ 30,870.92","$ 6,839,658.23","$ 462,290.42","$ 493,161.34","$ 168,281.66","$ 1,798,558.44","$ 6,377,367.81",,14,"$ 7,305,963.28","$ 328,159.52","$ 34,456.75","$ 7,634,122.80","$ 417,959.49","$ 452,416.24","$ 89,799.98","$ 959,762.95","$ 7,216,163.30"
15,"$ 4,461,149.81","$ 200,379.98","$ 21,039.90","$ 4,661,529.79","$ 563,563.87","$ 584,603.77","$ 363,183.90","$ 4,077,960.34","$ 4,097,965.91","$584,603.77",,15,"$ 6,377,367.81","$ 286,450.10","$ 30,077.26","$ 6,663,817.92","$ 462,290.42","$ 492,367.68","$ 175,840.32","$ 1,974,398.75","$ 6,201,527.50",,15,"$ 7,216,163.30","$ 324,126.00","$ 34,033.23","$ 7,540,289.31","$ 417,959.49","$ 451,992.72","$ 93,833.49","$ 1,053,596.44","$ 7,122,329.81"
16,"$ 4,097,965.91","$ 184,066.97","$ 19,327.03","$ 4,282,032.88","$ 563,563.87","$ 582,890.91","$ 379,496.91","$ 4,457,457.24","$ 3,718,469.01","$582,890.91",,16,"$ 6,201,527.50","$ 278,551.94","$ 29,247.95","$ 6,480,079.44","$ 462,290.42","$ 491,538.37","$ 183,738.48","$ 2,158,137.23","$ 6,017,789.02",,16,"$ 7,122,329.81","$ 319,911.31","$ 33,590.69","$ 7,442,241.13","$ 417,959.49","$ 451,550.18","$ 98,048.18","$ 1,151,644.62","$ 7,024,281.63"
17,"$ 3,718,469.01","$ 167,021.23","$ 17,537.23","$ 3,885,490.24","$ 563,563.87","$ 581,101.10","$ 396,542.64","$ 4,853,999.89","$ 3,321,926.36","$581,101.10",,17,"$ 6,017,789.02","$ 270,299.02","$ 28,381.40","$ 6,288,088.04","$ 462,290.42","$ 490,671.82","$ 191,991.40","$ 2,350,128.63","$ 5,825,797.62",,17,"$ 7,024,281.63","$ 315,507.32","$ 33,128.27","$ 7,339,788.95","$ 417,959.49","$ 451,087.76","$ 102,452.18","$ 1,254,096.79","$ 6,921,829.46"
18,"$ 3,321,926.36","$ 149,209.86","$ 15,667.04","$ 3,471,136.22","$ 563,563.87","$ 579,230.91","$ 414,354.02","$ 5,268,353.90","$ 2,907,572.35","$579,230.91",,18,"$ 5,825,797.62","$ 261,675.41","$ 27,475.92","$ 6,087,473.03","$ 462,290.42","$ 489,766.34","$ 200,615.01","$ 2,550,743.64","$ 5,625,182.61",,18,"$ 6,921,829.46","$ 310,905.51","$ 32,645.08","$ 7,232,734.96","$ 417,959.49","$ 450,604.57","$ 107,053.99","$ 1,361,150.78","$ 6,814,775.47"
19,"$ 2,907,572.35","$ 130,598.46","$ 13,712.84","$ 3,038,170.81","$ 563,563.87","$ 577,276.71","$ 432,965.42","$ 5,701,319.32","$ 2,474,606.93","$577,276.71",,19,"$ 5,625,182.61","$ 252,664.45","$ 26,529.77","$ 5,877,847.07","$ 462,290.42","$ 488,820.19","$ 209,625.97","$ 2,760,369.60","$ 5,415,556.65",,19,"$ 6,814,775.47","$ 306,097.00","$ 32,140.18","$ 7,120,872.47","$ 417,959.49","$ 450,099.68","$ 111,862.50","$ 1,473,013.28","$ 6,702,912.97"
20,"$ 2,474,606.93","$ 111,151.09","$ 11,670.86","$ 2,585,758.02","$ 563,563.87","$ 575,234.74","$ 452,412.78","$ 6,153,732.10","$ 2,022,194.15","$575,234.74",,20,"$ 5,415,556.65","$ 243,248.75","$ 25,541.12","$ 5,658,805.40","$ 462,290.42","$ 487,831.54","$ 219,041.67","$ 2,979,411.27","$ 5,196,514.98",,20,"$ 6,702,912.97","$ 301,072.51","$ 31,612.61","$ 7,003,985.48","$ 417,959.49","$ 449,572.11","$ 116,886.99","$ 1,589,900.26","$ 6,586,025.99"
21,"$ 2,022,194.15","$ 90,830.22","$ 9,537.17","$ 2,113,024.37","$ 563,563.87","$ 573,101.05","$ 472,733.65","$ 6,626,465.75","$ 1,549,460.50","$573,101.05",,21,"$ 5,196,514.98","$ 233,410.13","$ 24,508.06","$ 5,429,925.11","$ 462,290.42","$ 486,798.48","$ 228,880.29","$ 3,208,291.56","$ 4,967,634.69",,21,"$ 6,586,025.99","$ 295,822.33","$ 31,061.35","$ 6,881,848.32","$ 417,959.49","$ 449,020.84","$ 122,137.16","$ 1,712,037.42","$ 6,463,888.83"
22,"$ 1,549,460.50","$ 69,596.60","$ 7,307.64","$ 1,619,057.10","$ 563,563.87","$ 570,871.52","$ 493,967.27","$ 7,120,433.03","$ 1,055,493.22","$570,871.52",,22,"$ 4,967,634.69","$ 223,129.59","$ 23,428.61","$ 5,190,764.28","$ 462,290.42","$ 485,719.03","$ 239,160.83","$ 3,447,452.39","$ 4,728,473.86",,22,"$ 6,463,888.83","$ 290,336.34","$ 30,485.32","$ 6,754,225.17","$ 417,959.49","$ 448,444.81","$ 127,623.15","$ 1,839,660.58","$ 6,336,265.67"
23,"$ 1,055,493.22","$ 47,409.24","$ 4,977.97","$ 1,102,902.46","$ 563,563.87","$ 568,541.84","$ 516,154.64","$ 7,636,587.67","$ 539,338.58","$568,541.84",,23,"$ 4,728,473.86","$ 212,387.28","$ 22,300.66","$ 4,940,861.15","$ 462,290.42","$ 484,591.08","$ 249,903.14","$ 3,697,355.52","$ 4,478,570.73",,23,"$ 6,336,265.67","$ 284,603.93","$ 29,883.41","$ 6,620,869.60","$ 417,959.49","$ 447,842.91","$ 133,355.56","$ 1,973,016.14","$ 6,202,910.11"
24,"$ 539,338.58","$ 24,225.29","$ 2,543.66","$ 563,563.87","$ 563,563.87","$ 566,107.53","$ 539,338.58","$ 8,175,926.25",$ 0.00,"$566,107.53",,24,"$ 4,478,570.73","$ 201,162.47","$ 21,122.06","$ 4,679,733.20","$ 462,290.42","$ 483,412.48","$ 261,127.95","$ 3,958,483.47","$ 4,217,442.78",,24,"$ 6,202,910.11","$ 278,614.05","$ 29,254.47","$ 6,481,524.16","$ 417,959.49","$ 447,213.97","$ 139,345.45","$ 2,112,361.59","$ 6,063,564.66"
25,$ 0.00,$ 0.00,$ 0.00,$ 0.00,"$ 563,563.87","$ 563,563.87","$ 563,563.87","$ 8,739,490.12","-$ 563,563.87","$563,563.87",,25,"$ 4,217,442.78","$ 189,433.47","$ 19,890.51","$ 4,406,876.25","$ 462,290.42","$ 482,180.93","$ 272,856.95","$ 4,231,340.42","$ 3,944,585.83",,25,"$ 6,063,564.66","$ 272,355.11","$ 28,597.29","$ 6,335,919.78","$ 417,959.49","$ 446,556.78","$ 145,604.38","$ 2,257,965.97","$ 5,917,960.28"
26,"-$ 563,563.87","-$ 25,313.41","-$ 2,657.91","-$ 588,877.29","$ 563,563.87","$ 560,905.97","$ 588,877.29","$ 9,328,367.41","-$ 1,152,441.16","$560,905.97",,26,"$ 3,944,585.83","$ 177,177.65","$ 18,603.65","$ 4,121,763.48","$ 462,290.42","$ 480,894.07","$ 285,112.77","$ 4,516,453.19","$ 3,659,473.06",,26,"$ 5,917,960.28","$ 265,815.05","$ 27,910.58","$ 6,183,775.33","$ 417,959.49","$ 445,870.07","$ 152,144.44","$ 2,410,110.41","$ 5,765,815.84"
27,"-$ 1,152,441.16","-$ 51,763.82","-$ 5,435.20","-$ 1,204,204.98","$ 563,563.87","$ 558,128.67","$ 615,327.69","$ 9,943,695.10","-$ 1,767,768.85","$558,128.67",,27,"$ 3,659,473.06","$ 164,371.33","$ 17,258.99","$ 3,823,844.39","$ 462,290.42","$ 479,549.41","$ 297,919.09","$ 4,814,372.28","$ 3,361,553.97",,27,"$ 5,765,815.84","$ 258,981.23","$ 27,193.03","$ 6,024,797.07","$ 417,959.49","$ 445,152.52","$ 158,978.27","$ 2,569,088.68","$ 5,606,837.57"
28,"-$ 1,767,768.85","-$ 79,402.28","-$ 8,337.24","-$ 1,847,171.14","$ 563,563.87","$ 555,226.64","$ 642,966.16","$ 10,586,661.26","-$ 2,410,735.01","$555,226.64",,28,"$ 3,361,553.97","$ 150,989.80","$ 15,853.93","$ 3,512,543.77","$ 462,290.42","$ 478,144.35","$ 311,300.62","$ 5,125,672.90","$ 3,050,253.35",,28,"$ 5,606,837.57","$ 251,840.45","$ 26,443.25","$ 5,858,678.03","$ 417,959.49","$ 444,402.74","$ 166,119.04","$ 2,735,207.72","$ 5,440,718.53"
29,"-$ 2,410,735.01","-$ 108,282.18","-$ 11,369.63","-$ 2,519,017.19","$ 563,563.87","$ 552,194.25","$ 671,846.06","$ 11,258,507.32","-$ 3,082,581.07","$552,194.25",,29,"$ 3,050,253.35","$ 137,007.21","$ 14,385.76","$ 3,187,260.56","$ 462,290.42","$ 476,676.18","$ 325,283.21","$ 5,450,956.11","$ 2,724,970.14",,29,"$ 5,440,718.53","$ 244,378.94","$ 25,659.79","$ 5,685,097.47","$ 417,959.49","$ 443,619.28","$ 173,580.55","$ 2,908,788.27","$ 5,267,137.98"
30,"-$ 3,082,581.07","-$ 138,459.27","-$ 14,538.22","-$ 3,221,040.33","$ 563,563.87","$ 549,025.65","$ 702,023.14","$ 11,960,530.46","-$ 3,784,604.21","$549,025.65",,30,"$ 2,724,970.14","$ 122,396.58","$ 12,851.64","$ 2,847,366.72","$ 462,290.42","$ 475,142.06","$ 339,893.84","$ 5,790,849.95","$ 2,385,076.30",,30,"$ 5,267,137.98","$ 236,582.28","$ 24,841.14","$ 5,503,720.26","$ 417,959.49","$ 442,800.63","$ 181,377.21","$ 3,090,165.48","$ 5,085,760.77"
31,"-$ 3,784,604.21","-$ 169,991.81","-$ 17,849.14","-$ 3,954,596.01","$ 563,563.87","$ 545,714.74","$ 733,555.68","$ 12,694,086.14","-$ 4,518,159.89","$545,714.74",,31,"$ 2,385,076.30","$ 107,129.68","$ 11,248.62","$ 2,492,205.97","$ 462,290.42","$ 473,539.04","$ 355,160.74","$ 6,146,010.69","$ 2,029,915.56",,31,"$ 5,085,760.77","$ 228,435.42","$ 23,985.72","$ 5,314,196.19","$ 417,959.49","$ 441,945.21","$ 189,524.07","$ 3,279,689.56","$ 4,896,236.69"
32,"-$ 4,518,159.89","-$ 202,940.68","-$ 21,308.77","-$ 4,721,100.57","$ 563,563.87","$ 542,255.10","$ 766,504.56","$ 13,460,590.69","-$ 5,284,664.44","$542,255.10",,32,"$ 2,029,915.56","$ 91,177.04","$ 9,573.59","$ 2,121,092.60","$ 462,290.42","$ 471,864.01","$ 371,113.38","$ 6,517,124.07","$ 1,658,802.18",,32,"$ 4,896,236.69","$ 219,922.63","$ 23,091.88","$ 5,116,159.32","$ 417,959.49","$ 441,051.37","$ 198,036.86","$ 3,477,726.42","$ 4,698,199.83"
33,"-$ 5,284,664.44","-$ 237,369.51","-$ 24,923.80","-$ 5,522,033.96","$ 563,563.87","$ 538,640.08","$ 800,933.39","$ 14,261,524.08","-$ 6,085,597.83","$538,640.08",,33,"$ 1,658,802.18","$ 74,507.86","$ 7,823.33","$ 1,733,310.04","$ 462,290.42","$ 470,113.75","$ 387,782.56","$ 6,904,906.63","$ 1,271,019.62",,33,"$ 4,698,199.83","$ 211,027.48","$ 22,157.88","$ 4,909,227.31","$ 417,959.49","$ 440,117.38","$ 206,932.02","$ 3,684,658.44","$ 4,491,267.81"
34,"-$ 6,085,597.83","-$ 273,344.77","-$ 28,701.20","-$ 6,358,942.60","$ 563,563.87","$ 534,862.67","$ 836,908.64","$ 15,098,432.72","-$ 6,922,506.47","$534,862.67",,34,"$ 1,271,019.62","$ 57,089.96","$ 5,994.45","$ 1,328,109.59","$ 462,290.42","$ 468,284.87","$ 405,200.45","$ 7,310,107.08","$ 865,819.17",,34,"$ 4,491,267.81","$ 201,732.78","$ 21,181.94","$ 4,693,000.59","$ 417,959.49","$ 439,141.44","$ 216,226.71","$ 3,900,885.15","$ 4,275,041.10"
35,"-$ 6,922,506.47","-$ 310,935.92","-$ 32,648.27","-$ 7,233,442.39","$ 563,563.87","$ 530,915.60","$ 874,499.79","$ 15,972,932.51","-$ 7,797,006.26","$530,915.60",,35,"$ 865,819.17","$ 38,889.71","$ 4,083.42","$ 904,708.88","$ 462,290.42","$ 466,373.84","$ 423,400.71","$ 7,733,507.79","$ 442,418.46",,35,"$ 4,275,041.10","$ 192,020.60","$ 20,162.16","$ 4,467,061.69","$ 417,959.49","$ 438,121.66","$ 225,938.90","$ 4,126,824.05","$ 4,049,102.20"
36,"-$ 7,797,006.26","-$ 350,215.53","-$ 36,772.63","-$ 8,147,221.80","$ 563,563.87","$ 526,791.24","$ 913,779.41","$ 16,886,711.92","-$ 8,710,785.67","$526,791.24",,36,"$ 442,418.46","$ 19,871.96","$ 2,086.56","$ 462,290.42","$ 462,290.42","$ 464,376.98","$ 442,418.46","$ 8,175,926.25",$ 0.00,,36,"$ 4,049,102.20","$ 181,872.17","$ 19,096.58","$ 4,230,974.37","$ 417,959.49","$ 437,056.07","$ 236,087.32","$ 4,362,911.37","$ 3,813,014.88"
37,"-$ 8,710,785.67","-$ 391,259.46","-$ 41,082.24","-$ 9,102,045.13","$ 563,563.87","$ 522,481.63","$ 954,823.33","$ 17,841,535.25","-$ 9,665,609.00","$522,481.63",,37,$ 0.00,$ 0.00,$ 0.00,$ 0.00,"$ 462,290.42","$ 462,290.42","$ 462,290.42","$ 8,638,216.67","-$ 462,290.42",,37,"$ 3,813,014.88","$ 171,267.92","$ 17,983.13","$ 3,984,282.80","$ 417,959.49","$ 435,942.63","$ 246,691.58","$ 4,609,602.95","$ 3,566,323.30"
38,"-$ 9,665,609.00","-$ 434,146.94","-$ 45,585.43","-$ 10,099,755.94","$ 563,563.87","$ 517,978.45","$ 997,710.81","$ 18,839,246.07","-$ 10,663,319.82","$517,978.45",,38,"-$ 462,290.42","-$ 20,764.54","-$ 2,180.28","-$ 483,054.96","$ 462,290.42","$ 460,110.14","$ 483,054.96","$ 9,121,271.63","-$ 945,345.38",,38,"$ 3,566,323.30","$ 160,187.36","$ 16,819.67","$ 3,726,510.66","$ 417,959.49","$ 434,779.17","$ 257,772.14","$ 4,867,375.08","$ 3,308,551.17"
39,"-$ 10,663,319.82","-$ 478,960.78","-$ 50,290.88","-$ 11,142,280.60","$ 563,563.87","$ 513,272.99","$ 1,042,524.66","$ 19,881,770.72","-$ 11,705,844.47","$513,272.99",,39,"-$ 945,345.38","-$ 42,461.76","-$ 4,458.49","-$ 987,807.15","$ 462,290.42","$ 457,831.93","$ 504,752.18","$ 9,626,023.82","-$ 1,450,097.57",,39,"$ 3,308,551.17","$ 148,609.09","$ 15,603.95","$ 3,457,160.26","$ 417,959.49","$ 433,563.45","$ 269,350.40","$ 5,136,725.49","$ 3,039,200.76"
40,"-$ 11,705,844.47","-$ 525,787.51","-$ 55,207.69","-$ 12,231,631.99","$ 563,563.87","$ 508,356.19","$ 1,089,351.39","$ 20,971,122.11","-$ 12,795,195.86","$508,356.19",,40,"-$ 1,450,097.57","-$ 65,133.55","-$ 6,839.02","-$ 1,515,231.12","$ 462,290.42","$ 455,451.40","$ 527,423.97","$ 10,153,447.79","-$ 1,977,521.54",,40,"$ 3,039,200.76","$ 136,510.77","$ 14,333.63","$ 3,175,711.53","$ 417,959.49","$ 432,293.12","$ 281,448.73","$ 5,418,174.21","$ 2,757,752.04"
41,"-$ 12,795,195.86","-$ 574,717.55","-$ 60,345.34","-$ 13,369,913.41","$ 563,563.87","$ 503,218.53","$ 1,138,281.42","$ 22,109,403.53","-$ 13,933,477.28","$503,218.53",,41,"-$ 1,977,521.54","-$ 88,823.68","-$ 9,326.49","-$ 2,066,345.21","$ 462,290.42","$ 452,963.93","$ 551,114.10","$ 10,704,561.88","-$ 2,528,635.63",,41,"$ 2,757,752.04","$ 123,869.03","$ 13,006.25","$ 2,881,621.06","$ 417,959.49","$ 430,965.74","$ 294,090.46","$ 5,712,264.68","$ 2,463,661.57"
42,"-$ 13,933,477.28","-$ 625,845.35","-$ 65,713.76","-$ 14,559,322.64","$ 563,563.87","$ 497,850.11","$ 1,189,409.23","$ 23,298,812.76","-$ 15,122,886.51","$497,850.11",,42,"-$ 2,528,635.63","-$ 113,577.88","-$ 11,925.68","-$ 2,642,213.51","$ 462,290.42","$ 450,364.74","$ 575,868.30","$ 11,280,430.18","-$ 3,104,503.93",,42,"$ 2,463,661.57","$ 110,659.47","$ 11,619.24","$ 2,574,321.04","$ 417,959.49","$ 429,578.74","$ 307,300.03","$ 6,019,564.71","$ 2,156,361.54"
43,"-$ 15,122,886.51","-$ 679,269.65","-$ 71,323.31","-$ 15,802,156.17","$ 563,563.87","$ 492,240.56","$ 1,242,833.53","$ 24,541,646.29","-$ 16,365,720.04","$492,240.56",,43,"-$ 3,104,503.93","-$ 139,443.97","-$ 14,641.62","-$ 3,243,947.90","$ 462,290.42","$ 447,648.80","$ 601,734.39","$ 11,882,164.57","-$ 3,706,238.32",,43,"$ 2,156,361.54","$ 96,856.57","$ 10,169.94","$ 2,253,218.11","$ 417,959.49","$ 428,129.43","$ 321,102.92","$ 6,340,667.63","$ 1,835,258.62"
44,"-$ 16,365,720.04","-$ 735,093.59","-$ 77,184.83","-$ 17,100,813.63","$ 563,563.87","$ 486,379.05","$ 1,298,657.47","$ 25,840,303.76","-$ 17,664,377.51","$486,379.05",,44,"-$ 3,706,238.32","-$ 166,471.87","-$ 17,479.55","-$ 3,872,710.19","$ 462,290.42","$ 444,810.87","$ 628,762.29","$ 12,510,926.86","-$ 4,335,000.61",,44,"$ 1,835,258.62","$ 82,433.70","$ 8,655.54","$ 1,917,692.32","$ 417,959.49","$ 426,615.03","$ 335,525.79","$ 6,676,193.42","$ 1,499,732.83"
45,"-$ 17,664,377.51","-$ 793,424.96","-$ 83,309.62","-$ 18,457,802.46","$ 563,563.87","$ 480,254.25","$ 1,356,988.83","$ 27,197,292.59","-$ 19,021,366.34","$480,254.25",,45,"-$ 4,335,000.61","-$ 194,713.78","-$ 20,444.95","-$ 4,529,714.39","$ 462,290.42","$ 441,845.47","$ 657,004.20","$ 13,167,931.06","-$ 4,992,004.81",,45,"$ 1,499,732.83","$ 67,363.00","$ 7,073.11","$ 1,567,095.83","$ 417,959.49","$ 425,032.61","$ 350,596.49","$ 7,026,789.92","$ 1,149,136.33"
46,"-$ 19,021,366.34","-$ 854,376.37","-$ 89,709.52","-$ 19,875,742.71","$ 563,563.87","$ 473,854.36","$ 1,417,940.25","$ 28,615,232.83","-$ 20,439,306.58","$473,854.36",,46,"-$ 4,992,004.81","-$ 224,224.22","-$ 23,543.54","-$ 5,216,229.03","$ 462,290.42","$ 438,746.88","$ 686,514.64","$ 13,854,445.70","-$ 5,678,519.45",,46,"$ 1,149,136.33","$ 51,615.37","$ 5,419.61","$ 1,200,751.71","$ 417,959.49","$ 423,379.11","$ 366,344.12","$ 7,393,134.04","$ 782,792.21"
47,"-$ 20,439,306.58","-$ 918,065.52","-$ 96,396.88","-$ 21,357,372.10","$ 563,563.87","$ 467,167.00","$ 1,481,629.40","$ 30,096,862.23","-$ 21,920,935.98","$467,167.00",,47,"-$ 5,678,519.45","-$ 255,060.17","-$ 26,781.32","-$ 5,933,579.61","$ 462,290.42","$ 435,509.10","$ 717,350.58","$ 14,571,796.28","-$ 6,395,870.03",,47,"$ 782,792.21","$ 35,160.42","$ 3,691.84","$ 817,952.63","$ 417,959.49","$ 421,651.34","$ 382,799.08","$ 7,775,933.11","$ 399,993.14"
48,"-$ 21,920,935.98","-$ 984,615.37","-$ 103,384.61","-$ 22,905,551.35","$ 563,563.87","$ 460,179.26","$ 1,548,179.25","$ 31,645,041.48","-$ 23,469,115.23","$460,179.26",,48,"-$ 6,395,870.03","-$ 287,281.16","-$ 30,164.52","-$ 6,683,151.19","$ 462,290.42","$ 432,125.90","$ 749,571.58","$ 15,321,367.86","-$ 7,145,441.61",,48,"$ 399,993.14","$ 17,966.36","$ 1,886.47","$ 417,959.49","$ 417,959.49","$ 419,845.96","$ 399,993.14","$ 8,175,926.25",$ 0.00
49,"-$ 23,469,115.23","-$ 1,054,154.43","-$ 110,686.21","-$ 24,523,269.65","$ 563,563.87","$ 452,877.66","$ 1,617,718.30","$ 33,262,759.78","-$ 25,086,833.53","$452,877.66",,49,"-$ 7,145,441.61","-$ 320,949.42","-$ 33,699.69","-$ 7,466,391.03","$ 462,290.42","$ 428,590.73","$ 783,239.84","$ 16,104,607.70","-$ 7,928,681.45",,49,$ 0.00,$ 0.00,$ 0.00,$ 0.00,"$ 417,959.49","$ 417,959.49","$ 417,959.49","$ 8,593,885.74","-$ 417,959.49"
50,"-$ 25,086,833.53","-$ 1,126,816.94","-$ 118,315.78","-$ 26,213,650.47","$ 563,563.87","$ 445,248.10","$ 1,690,380.81","$ 34,953,140.59","-$ 26,777,214.34","$445,248.10",,50,"-$ 7,928,681.45","-$ 356,129.94","-$ 37,393.64","-$ 8,284,811.39","$ 462,290.42","$ 424,896.78","$ 818,420.36","$ 16,923,028.06","-$ 8,747,101.81",,50,"-$ 417,959.49","-$ 18,773.35","-$ 1,971.20","-$ 436,732.84","$ 417,959.49","$ 415,988.29","$ 436,732.84","$ 9,030,618.58","-$ 854,692.33"
51,"-$ 26,777,214.34","-$ 1,202,743.21","-$ 126,288.04","-$ 27,979,957.56","$ 563,563.87","$ 437,275.84","$ 1,766,307.09","$ 36,719,447.68","-$ 28,543,521.43","$437,275.84",,51,"-$ 8,747,101.81","-$ 392,890.66","-$ 41,253.52","-$ 9,139,992.47","$ 462,290.42","$ 421,036.90","$ 855,181.08","$ 17,778,209.14","-$ 9,602,282.89",,51,"-$ 854,692.33","-$ 38,389.93","-$ 4,030.94","-$ 893,082.27","$ 417,959.49","$ 413,928.55","$ 456,349.42","$ 9,486,968.01","-$ 1,311,041.76"
52,"-$ 28,543,521.43","-$ 1,282,079.84","-$ 134,618.38","-$ 29,825,601.27","$ 563,563.87","$ 428,945.49","$ 1,845,643.71","$ 38,565,091.39","-$ 30,389,165.14","$428,945.49",,52,"-$ 9,602,282.89","-$ 431,302.54","-$ 45,286.77","-$ 10,033,585.43","$ 462,290.42","$ 417,003.65","$ 893,592.96","$ 18,671,802.10","-$ 10,495,875.85",,52,"-$ 1,311,041.76","-$ 58,887.63","-$ 6,183.20","-$ 1,369,929.39","$ 417,959.49","$ 411,776.29","$ 476,847.12","$ 9,963,815.13","-$ 1,787,888.88"
53,"-$ 30,389,165.14","-$ 1,364,980.00","-$ 143,322.90","-$ 31,754,145.14","$ 563,563.87","$ 420,240.97","$ 1,928,543.88","$ 40,493,635.27","-$ 32,317,709.02","$420,240.97",,53,"-$ 10,495,875.85","-$ 471,439.76","-$ 49,501.17","-$ 10,967,315.60","$ 462,290.42","$ 412,789.25","$ 933,730.18","$ 19,605,532.27","-$ 11,429,606.02",,53,"-$ 1,787,888.88","-$ 80,306.01","-$ 8,432.13","-$ 1,868,194.89","$ 417,959.49","$ 409,527.36","$ 498,265.50","$ 10,462,080.63","-$ 2,286,154.38"
54,"-$ 32,317,709.02","-$ 1,451,603.76","-$ 152,418.40","-$ 33,769,312.78","$ 563,563.87","$ 411,145.48","$ 2,015,167.64","$ 42,508,802.91","-$ 34,332,876.66","$411,145.48",,54,"-$ 11,429,606.02","-$ 513,379.80","-$ 53,904.88","-$ 11,942,985.83","$ 462,290.42","$ 408,385.54","$ 975,670.22","$ 20,581,202.50","-$ 12,405,276.25",,54,"-$ 2,286,154.38","-$ 102,686.43","-$ 10,782.08","-$ 2,388,840.82","$ 417,959.49","$ 407,177.42","$ 520,645.93","$ 10,982,726.56","-$ 2,806,800.31"
55,"-$ 34,332,876.66","-$ 1,542,118.38","-$ 161,922.43","-$ 35,874,995.03","$ 563,563.87","$ 401,641.45","$ 2,105,682.25","$ 44,614,485.16","-$ 36,438,558.91","$401,641.45",,55,"-$ 12,405,276.25","-$ 557,203.66","-$ 58,506.38","-$ 12,962,479.90","$ 462,290.42","$ 403,784.04","$ 1,019,494.08","$ 21,600,696.57","-$ 13,424,770.32",,55,"-$ 2,806,800.31","-$ 126,072.11","-$ 13,237.57","-$ 2,932,872.42","$ 417,959.49","$ 404,721.92","$ 544,031.61","$ 11,526,758.17","-$ 3,350,831.92"
56,"-$ 36,438,558.91","-$ 1,636,698.60","-$ 171,853.35","-$ 38,075,257.51","$ 563,563.87","$ 391,710.52","$ 2,200,262.48","$ 46,814,747.64","-$ 38,638,821.39","$391,710.52",,56,"-$ 13,424,770.32","-$ 602,995.93","-$ 63,314.57","-$ 14,027,766.26","$ 462,290.42","$ 398,975.85","$ 1,065,286.35","$ 22,665,982.93","-$ 14,490,056.68",,56,"-$ 3,350,831.92","-$ 150,508.20","-$ 15,803.36","-$ 3,501,340.12","$ 417,959.49","$ 402,156.13","$ 568,467.69","$ 12,095,225.86","-$ 3,919,299.61"
57,"-$ 38,638,821.39","-$ 1,735,527.06","-$ 182,230.34","-$ 40,374,348.45","$ 563,563.87","$ 381,333.53","$ 2,299,090.94","$ 49,113,838.57","-$ 40,937,912.32","$381,333.53",,57,"-$ 14,490,056.68","-$ 650,845.05","-$ 68,338.73","-$ 15,140,901.72","$ 462,290.42","$ 393,951.69","$ 1,113,135.47","$ 23,779,118.39","-$ 15,603,192.14",,57,"-$ 3,919,299.61","-$ 176,041.87","-$ 18,484.40","-$ 4,095,341.49","$ 417,959.49","$ 399,475.10","$ 594,001.37","$ 12,689,227.23","-$ 4,513,300.98"
58,"-$ 40,937,912.32","-$ 1,838,794.56","-$ 193,073.43","-$ 42,776,706.88","$ 563,563.87","$ 370,490.45","$ 2,402,358.44","$ 51,516,197.01","-$ 43,340,270.76","$370,490.45",,58,"-$ 15,603,192.14","-$ 700,843.38","-$ 73,588.55","-$ 16,304,035.52","$ 462,290.42","$ 388,701.86","$ 1,163,133.80","$ 24,942,252.19","-$ 16,766,325.94",,58,"-$ 4,513,300.98","-$ 202,722.44","-$ 21,285.86","-$ 4,716,023.42","$ 417,959.49","$ 396,673.64","$ 620,681.93","$ 13,309,909.16","-$ 5,133,982.91"
59,"-$ 43,340,270.76","-$ 1,946,700.49","-$ 204,403.55","-$ 45,286,971.25","$ 563,563.87","$ 359,160.32","$ 2,510,264.37","$ 54,026,461.38","-$ 45,850,535.13","$359,160.32",,59,"-$ 16,766,325.94","-$ 753,087.47","-$ 79,074.18","-$ 17,519,413.42","$ 462,290.42","$ 383,216.23","$ 1,215,377.89","$ 26,157,630.08","-$ 17,981,703.83",,59,"-$ 5,133,982.91","-$ 230,601.40","-$ 24,213.15","-$ 5,364,584.31","$ 417,959.49","$ 393,746.35","$ 648,560.89","$ 13,958,470.05","-$ 5,782,543.80"
60,"-$ 45,850,535.13","-$ 2,059,453.20","-$ 216,242.59","-$ 47,909,988.33","$ 563,563.87","$ 347,321.29","$ 2,623,017.08","$ 56,649,478.46","-$ 48,473,552.21","$347,321.29",,60,"-$ 17,981,703.83","-$ 807,678.20","-$ 84,806.21","-$ 18,789,382.03","$ 462,290.42","$ 377,484.21","$ 1,269,968.62","$ 27,427,598.70","-$ 19,251,672.45",,60,"-$ 5,782,543.80","-$ 259,732.59","-$ 27,271.92","-$ 6,042,276.39","$ 417,959.49","$ 390,687.57","$ 677,692.09","$ 14,636,162.14","-$ 6,460,235.89"
61,"-$ 48,473,552.21","-$ 2,177,270.39","-$ 228,613.39","-$ 50,650,822.59","$ 563,563.87","$ 334,950.48","$ 2,740,834.26","$ 59,390,312.72","-$ 51,214,386.47","$334,950.48",,61,"-$ 19,251,672.45","-$ 864,720.95","-$ 90,795.70","-$ 20,116,393.41","$ 462,290.42","$ 371,494.72","$ 1,327,011.37","$ 28,754,610.08","-$ 20,578,683.83",,61,"-$ 6,460,235.89","-$ 290,172.26","-$ 30,468.09","-$ 6,750,408.15","$ 417,959.49","$ 387,491.41","$ 708,131.76","$ 15,344,293.89","-$ 7,168,367.64"
62,"-$ 51,214,386.47","-$ 2,300,379.53","-$ 241,539.85","-$ 53,514,765.99","$ 563,563.87","$ 322,024.02","$ 2,863,943.40","$ 62,254,256.12","-$ 54,078,329.87","$322,024.02",,62,"-$ 20,578,683.83","-$ 924,325.88","-$ 97,054.22","-$ 21,503,009.71","$ 462,290.42","$ 365,236.20","$ 1,386,616.30","$ 30,141,226.38","-$ 21,965,300.13",,62,"-$ 7,168,367.64","-$ 321,979.18","-$ 33,807.81","-$ 7,490,346.82","$ 417,959.49","$ 384,151.68","$ 739,938.67","$ 16,084,232.57","-$ 7,908,306.32"
63,"-$ 54,078,329.87","-$ 2,429,018.32","-$ 255,046.92","-$ 56,507,348.19","$ 563,563.87","$ 308,516.95","$ 2,992,582.19","$ 65,246,838.31","-$ 57,070,912.06","$308,516.95",,63,"-$ 21,965,300.13","-$ 986,608.06","-$ 103,593.85","-$ 22,951,908.19","$ 462,290.42","$ 358,696.57","$ 1,448,898.48","$ 31,590,124.86","-$ 23,414,198.61",,63,"-$ 7,908,306.32","-$ 355,214.76","-$ 37,297.55","-$ 8,263,521.08","$ 417,959.49","$ 380,661.94","$ 773,174.25","$ 16,857,406.82","-$ 8,681,480.57"
64,"-$ 57,070,912.06","-$ 2,563,435.13","-$ 269,160.69","-$ 59,634,347.19","$ 563,563.87","$ 294,403.19","$ 3,126,999.01","$ 68,373,837.32","-$ 60,197,911.07","$294,403.19",,64,"-$ 23,414,198.61","-$ 1,051,687.75","-$ 110,427.21","-$ 24,465,886.36","$ 462,290.42","$ 351,863.21","$ 1,513,978.17","$ 33,104,103.03","-$ 24,928,176.78",,64,"-$ 8,681,480.57","-$ 389,943.17","-$ 40,944.03","-$ 9,071,423.74","$ 417,959.49","$ 377,015.46","$ 807,902.66","$ 17,665,309.48","-$ 9,489,383.23"
65,"-$ 60,197,911.07","-$ 2,703,889.51","-$ 283,908.40","-$ 62,901,800.57","$ 563,563.87","$ 279,655.48","$ 3,267,453.38","$ 71,641,290.70","-$ 63,465,364.45","$279,655.48",,65,"-$ 24,928,176.78","-$ 1,119,690.61","-$ 117,567.51","-$ 26,047,867.39","$ 462,290.42","$ 344,722.91","$ 1,581,981.03","$ 34,686,084.06","-$ 26,510,157.81",,65,"-$ 9,489,383.23","-$ 426,231.46","-$ 44,754.30","-$ 9,915,614.70","$ 417,959.49","$ 373,205.19","$ 844,190.96","$ 18,509,500.44","-$ 10,333,574.19"
66,"-$ 63,465,364.45","-$ 2,850,652.62","-$ 299,318.53","-$ 66,316,017.07","$ 563,563.87","$ 264,245.35","$ 3,414,216.49","$ 75,055,507.19","-$ 66,879,580.94","$264,245.35",,66,"-$ 26,510,157.81","-$ 1,190,747.92","-$ 125,028.53","-$ 27,700,905.73","$ 462,290.42","$ 337,261.89","$ 1,653,038.34","$ 36,339,122.40","-$ 28,163,196.15",,66,"-$ 10,333,574.19","-$ 464,149.71","-$ 48,735.72","-$ 10,797,723.90","$ 417,959.49","$ 369,223.77","$ 882,109.20","$ 19,391,609.64","-$ 11,215,683.39"
67,"-$ 66,879,580.94","-$ 3,004,007.84","-$ 315,420.82","-$ 69,883,588.79","$ 563,563.87","$ 248,143.05","$ 3,567,571.72","$ 78,623,078.91","-$ 70,447,152.66","$248,143.05",,67,"-$ 28,163,196.15","-$ 1,264,996.89","-$ 132,824.67","-$ 29,428,193.05","$ 462,290.42","$ 329,465.75","$ 1,727,287.31","$ 38,066,409.72","-$ 29,890,483.47",,67,"-$ 11,215,683.39","-$ 503,771.11","-$ 52,895.97","-$ 11,719,454.50","$ 417,959.49","$ 365,063.53","$ 921,730.61","$ 20,313,340.25","-$ 12,137,414.00"
68,"-$ 70,447,152.66","-$ 3,164,251.27","-$ 332,246.38","-$ 73,611,403.94","$ 563,563.87","$ 231,317.49","$ 3,727,815.15","$ 82,350,894.06","-$ 74,174,967.81","$231,317.49",,68,"-$ 29,890,483.47","-$ 1,342,580.88","-$ 140,970.99","-$ 31,233,064.35","$ 462,290.42","$ 321,319.43","$ 1,804,871.30","$ 39,871,281.02","-$ 31,695,354.77",,68,"-$ 12,137,414.00","-$ 545,172.18","-$ 57,243.08","-$ 12,682,586.18","$ 417,959.49","$ 360,716.42","$ 963,131.67","$ 21,276,471.92","-$ 13,100,545.67"
69,"-$ 74,174,967.81","-$ 3,331,692.30","-$ 349,827.69","-$ 77,506,660.12","$ 563,563.87","$ 213,736.18","$ 3,895,256.18","$ 86,246,150.24","-$ 78,070,223.99","$213,736.18",,69,"-$ 31,695,354.77","-$ 1,423,649.68","-$ 149,483.22","-$ 33,119,004.45","$ 462,290.42","$ 312,807.20","$ 1,885,940.10","$ 41,757,221.12","-$ 33,581,294.87",,69,"-$ 13,100,545.67","-$ 588,432.84","-$ 61,785.45","-$ 13,688,978.51","$ 417,959.49","$ 356,174.05","$ 1,006,392.34","$ 22,282,864.26","-$ 14,106,938.01"
70,"-$ 78,070,223.99","-$ 3,506,654.23","-$ 368,198.69","-$ 81,576,878.22","$ 563,563.87","$ 195,365.18","$ 4,070,218.10","$ 90,316,368.34","-$ 82,140,442.09","$195,365.18",,70,"-$ 33,581,294.87","-$ 1,508,359.83","-$ 158,377.78","-$ 35,089,654.70","$ 462,290.42","$ 303,912.64","$ 1,970,650.25","$ 43,727,871.37","-$ 35,551,945.12",,70,"-$ 14,106,938.01","-$ 633,636.63","-$ 66,531.85","-$ 14,740,574.64","$ 417,959.49","$ 351,427.65","$ 1,051,596.13","$ 23,334,460.38","-$ 15,158,534.13"
71,"-$ 82,140,442.09","-$ 3,689,474.86","-$ 387,394.86","-$ 85,829,916.95","$ 563,563.87","$ 176,169.01","$ 4,253,038.73","$ 94,569,407.08","-$ 86,393,480.83","$176,169.01",,71,"-$ 35,551,945.12","-$ 1,596,874.87","-$ 167,671.86","-$ 37,148,819.99","$ 462,290.42","$ 294,618.56","$ 2,059,165.29","$ 45,787,036.66","-$ 37,611,110.41",,71,"-$ 15,158,534.13","-$ 680,870.82","-$ 71,491.44","-$ 15,839,404.96","$ 417,959.49","$ 346,468.06","$ 1,098,830.32","$ 24,433,290.70","-$ 16,257,364.45"
72,"-$ 86,393,480.83","-$ 3,880,507.18","-$ 407,453.25","-$ 90,273,988.01","$ 563,563.87","$ 156,110.62","$ 4,444,071.06","$ 99,013,478.13","-$ 90,837,551.88","$156,110.62",,72,"-$ 37,611,110.41","-$ 1,689,365.71","-$ 177,383.40","-$ 39,300,476.12","$ 462,290.42","$ 284,907.02","$ 2,151,656.13","$ 47,938,692.79","-$ 39,762,766.54",,72,"-$ 16,257,364.45","-$ 730,226.62","-$ 76,673.80","-$ 16,987,591.07","$ 417,959.49","$ 341,285.70","$ 1,148,186.11","$ 25,581,476.82","-$ 17,405,550.57"
73,"-$ 90,837,551.88","-$ 4,080,120.04","-$ 428,412.60","-$ 94,917,671.92","$ 563,563.87","$ 135,151.27","$ 4,643,683.91","$ 103,657,162.04","-$ 95,481,235.79","$135,151.27",,73,"-$ 39,762,766.54","-$ 1,786,010.93","-$ 187,531.15","-$ 41,548,777.47","$ 462,290.42","$ 274,759.27","$ 2,248,301.35","$ 50,186,994.14","-$ 42,011,067.89",,73,"-$ 17,405,550.57","-$ 781,799.31","-$ 82,088.93","-$ 18,187,349.88","$ 417,959.49","$ 335,870.57","$ 1,199,758.81","$ 26,781,235.62","-$ 18,605,309.37"
74,"-$ 95,481,235.79","-$ 4,288,698.84","-$ 450,313.38","-$ 99,769,934.64","$ 563,563.87","$ 113,250.50","$ 4,852,262.72","$ 108,509,424.76","-$ 100,333,498.51","$113,250.50",,74,"-$ 42,011,067.89","-$ 1,886,997.13","-$ 198,134.70","-$ 43,898,065.02","$ 462,290.42","$ 264,155.72","$ 2,349,287.55","$ 52,536,281.69","-$ 44,360,355.44",,74,"-$ 18,605,309.37","-$ 835,688.48","-$ 87,747.29","-$ 19,440,997.85","$ 417,959.49","$ 330,212.20","$ 1,253,647.97","$ 28,034,883.60","-$ 19,858,957.35"
75,"-$ 100,333,498.51","-$ 4,506,646.31","-$ 473,197.86","-$ 104,840,144.82","$ 563,563.87","$ 90,366.01","$ 5,070,210.18","$ 113,579,634.94","-$ 105,403,708.69","$90,366.01",,75,"-$ 44,360,355.44","-$ 1,992,519.30","-$ 209,214.53","-$ 46,352,874.74","$ 462,290.42","$ 253,075.89","$ 2,454,809.72","$ 54,991,091.41","-$ 46,815,165.16",,75,"-$ 19,858,957.35","-$ 891,998.17","-$ 93,659.81","-$ 20,750,955.51","$ 417,959.49","$ 324,299.69","$ 1,309,957.66","$ 29,344,841.26","-$ 21,168,915.01"
76,"-$ 105,403,708.69","-$ 4,734,383.25","-$ 497,110.24","-$ 110,138,091.94","$ 563,563.87","$ 66,453.63","$ 5,297,947.12","$ 118,877,582.07","-$ 110,701,655.82","$66,453.63",,76,"-$ 46,815,165.16","-$ 2,102,781.17","-$ 220,792.02","-$ 48,917,946.32","$ 462,290.42","$ 241,498.40","$ 2,565,071.59","$ 57,556,162.99","-$ 49,380,236.74",,76,"-$ 21,168,915.01","-$ 950,837.10","-$ 99,837.90","-$ 22,119,752.11","$ 417,959.49","$ 318,121.60","$ 1,368,796.59","$ 30,713,637.85","-$ 22,537,711.60"
77,"-$ 110,701,655.82","-$ 4,972,349.37","-$ 522,096.68","-$ 115,674,005.19","$ 563,563.87","$ 41,467.19","$ 5,535,913.25","$ 124,413,495.32","-$ 116,237,569.07","$41,467.19",,77,"-$ 49,380,236.74","-$ 2,217,995.63","-$ 232,889.54","-$ 51,598,232.38","$ 462,290.42","$ 229,400.88","$ 2,680,286.05","$ 60,236,449.05","-$ 52,060,522.80",,77,"-$ 22,537,711.60","-$ 1,012,318.88","-$ 106,293.48","-$ 23,550,030.48","$ 417,959.49","$ 311,666.01","$ 1,430,278.37","$ 32,143,916.22","-$ 23,967,989.97"
78,"-$ 116,237,569.07","-$ 5,221,004.14","-$ 548,205.44","-$ 121,458,573.21","$ 563,563.87","$ 15,358.44","$ 5,784,568.02","$ 130,198,063.33","-$ 122,022,137.08","$15,358.44",,78,"-$ 52,060,522.80","-$ 2,338,385.15","-$ 245,530.44","-$ 54,398,907.95","$ 462,290.42","$ 216,759.98","$ 2,800,675.57","$ 63,037,124.62","-$ 54,861,198.37",,78,"-$ 23,967,989.97","-$ 1,076,562.22","-$ 113,039.03","-$ 25,044,552.19","$ 417,959.49","$ 304,920.46","$ 1,494,521.71","$ 33,638,437.93","-$ 25,462,511.68"
79,"-$ 122,022,137.08","-$ 5,480,827.66","-$ 575,486.90","-$ 127,502,964.74","$ 563,563.87","-$ 11,923.03","$ 6,044,391.53","$ 136,242,454.87","-$ 128,066,528.62","-$11,923.03",,79,"-$ 54,861,198.37","-$ 2,464,182.16","-$ 258,739.13","-$ 57,325,380.53","$ 462,290.42","$ 203,551.29","$ 2,926,472.58","$ 65,963,597.19","-$ 57,787,670.94",,79,"-$ 25,462,511.68","-$ 1,143,691.15","-$ 120,087.57","-$ 26,606,202.83","$ 417,959.49","$ 297,871.92","$ 1,561,650.64","$ 35,200,088.58","-$ 27,024,162.33"
80,"-$ 128,066,528.62","-$ 5,752,321.58","-$ 603,993.77","-$ 133,818,850.19","$ 563,563.87","-$ 40,429.89","$ 6,315,885.45","$ 142,558,340.32","-$ 134,382,414.07","-$40,429.89",,80,"-$ 57,787,670.94","-$ 2,595,629.55","-$ 272,541.10","-$ 60,383,300.50","$ 462,290.42","$ 189,749.32","$ 3,057,919.97","$ 69,021,517.17","-$ 60,845,590.92",,80,"-$ 27,024,162.33","-$ 1,213,835.29","-$ 127,452.71","-$ 28,237,997.62","$ 417,959.49","$ 290,506.79","$ 1,631,794.79","$ 36,831,883.36","-$ 28,655,957.11"
81,"-$ 134,382,414.07","-$ 6,036,010.10","-$ 633,781.06","-$ 140,418,424.17","$ 563,563.87","-$ 70,217.19","$ 6,599,573.97","$ 149,157,914.29","-$ 140,981,988.04","-$70,217.19",,81,"-$ 60,845,590.92","-$ 2,732,981.13","-$ 286,963.02","-$ 63,578,572.04","$ 462,290.42","$ 175,327.40","$ 3,195,271.54","$ 72,216,788.71","-$ 64,040,862.46",,81,"-$ 28,655,957.11","-$ 1,287,130.07","-$ 135,148.66","-$ 29,943,087.19","$ 417,959.49","$ 282,810.84","$ 1,705,089.57","$ 38,536,972.93","-$ 30,361,046.68"
82,"-$ 140,981,988.04","-$ 6,332,440.96","-$ 664,906.30","-$ 147,314,429.01","$ 563,563.87","-$ 101,342.43","$ 6,896,004.84","$ 156,053,919.13","-$ 147,877,992.88","-$101,342.43",,82,"-$ 64,040,862.46","-$ 2,876,502.07","-$ 302,032.72","-$ 66,917,364.53","$ 462,290.42","$ 160,257.70","$ 3,338,792.49","$ 75,555,581.20","-$ 67,379,654.95",,82,"-$ 30,361,046.68","-$ 1,363,717.01","-$ 143,190.29","-$ 31,724,763.69","$ 417,959.49","$ 274,769.21","$ 1,781,676.51","$ 40,318,649.44","-$ 32,142,723.19"
83,"-$ 147,877,992.88","-$ 6,642,186.51","-$ 697,429.58","-$ 154,520,179.39","$ 563,563.87","-$ 133,865.71","$ 7,205,750.39","$ 163,259,669.52","-$ 155,083,743.27","-$133,865.71",,83,"-$ 67,379,654.95","-$ 3,026,469.50","-$ 317,779.30","-$ 70,406,124.46","$ 462,290.42","$ 144,511.12","$ 3,488,759.92","$ 79,044,341.13","-$ 70,868,414.88",,83,"-$ 32,142,723.19","-$ 1,443,743.98","-$ 151,593.12","-$ 33,586,467.17","$ 417,959.49","$ 266,366.38","$ 1,861,703.48","$ 42,180,352.91","-$ 34,004,426.66"
84,"-$ 155,083,743.27","-$ 6,965,844.80","-$ 731,413.70","-$ 162,049,588.07","$ 563,563.87","-$ 167,849.83","$ 7,529,408.68","$ 170,789,078.20","-$ 162,613,151.95","-$167,849.83",,84,"-$ 70,868,414.88","-$ 3,183,172.97","-$ 334,233.16","-$ 74,051,587.84","$ 462,290.42","$ 128,057.26","$ 3,645,463.39","$ 82,689,804.51","-$ 74,513,878.26",,84,"-$ 34,004,426.66","-$ 1,527,365.50","-$ 160,373.38","-$ 35,531,792.16","$ 417,959.49","$ 257,586.12","$ 1,945,324.99","$ 44,125,677.91","-$ 35,949,751.66"
85,"-$ 162,613,151.95","-$ 7,304,040.74","-$ 766,924.28","-$ 169,917,192.69","$ 563,563.87","-$ 203,360.40","$ 7,867,604.62","$ 178,656,682.81","-$ 170,480,756.56","-$203,360.40",,85,"-$ 74,513,878.26","-$ 3,346,915.03","-$ 351,426.08","-$ 77,860,793.30","$ 462,290.42","$ 110,864.34","$ 3,809,205.45","$ 86,499,009.96","-$ 78,323,083.71",,85,"-$ 35,949,751.66","-$ 1,614,743.01","-$ 169,548.02","-$ 37,564,494.67","$ 417,959.49","$ 248,411.48","$ 2,032,702.51","$ 46,158,380.41","-$ 37,982,454.16"
86,"-$ 170,480,756.56","-$ 7,657,427.32","-$ 804,029.87","-$ 178,138,183.88","$ 563,563.87","-$ 240,465.99","$ 8,220,991.19","$ 186,877,674.00","-$ 178,701,747.75","-$240,465.99",,86,"-$ 78,323,083.71","-$ 3,518,011.84","-$ 369,391.24","-$ 81,841,095.56","$ 462,290.42","$ 92,899.18","$ 3,980,302.26","$ 90,479,312.23","-$ 82,303,385.98",,86,"-$ 37,982,454.16","-$ 1,706,045.23","-$ 179,134.75","-$ 39,688,499.39","$ 417,959.49","$ 238,824.74","$ 2,124,004.73","$ 48,282,385.14","-$ 40,106,458.89"
87,"-$ 178,701,747.75","-$ 8,026,686.84","-$ 842,802.12","-$ 186,728,434.59","$ 563,563.87","-$ 279,238.24","$ 8,590,250.71","$ 195,467,924.71","-$ 187,291,998.46","-$279,238.24",,87,"-$ 82,303,385.98","-$ 3,696,793.75","-$ 388,163.34","-$ 86,000,179.73","$ 462,290.42","$ 74,127.08","$ 4,159,084.17","$ 94,638,396.40","-$ 86,462,470.15",,87,"-$ 40,106,458.89","-$ 1,801,448.45","-$ 189,152.09","-$ 41,907,907.33","$ 417,959.49","$ 228,807.41","$ 2,219,407.94","$ 50,501,793.08","-$ 42,325,866.83"
88,"-$ 187,291,998.46","-$ 8,412,532.26","-$ 883,315.89","-$ 195,704,530.73","$ 563,563.87","-$ 319,752.01","$ 8,976,096.14","$ 204,444,020.85","-$ 196,268,094.60","-$319,752.01",,88,"-$ 86,462,470.15","-$ 3,883,605.95","-$ 407,778.62","-$ 90,346,076.10","$ 462,290.42","$ 54,511.79","$ 4,345,896.37","$ 98,984,292.77","-$ 90,808,366.52",,88,"-$ 42,325,866.83","-$ 1,901,136.85","-$ 199,619.37","-$ 44,227,003.68","$ 417,959.49","$ 218,340.12","$ 2,319,096.35","$ 52,820,889.42","-$ 44,644,963.17"
89,"-$ 196,268,094.60","-$ 8,815,708.58","-$ 925,649.40","-$ 205,083,803.19","$ 563,563.87","-$ 362,085.53","$ 9,379,272.46","$ 213,823,293.31","-$ 205,647,367.06","-$362,085.53",,89,"-$ 90,808,366.52","-$ 4,078,809.13","-$ 428,274.96","-$ 94,887,175.65","$ 462,290.42","$ 34,015.46","$ 4,541,099.55","$ 103,525,392.32","-$ 95,349,466.07",,89,"-$ 44,644,963.17","-$ 2,005,302.93","-$ 210,556.81","-$ 46,650,266.10","$ 417,959.49","$ 207,402.69","$ 2,423,262.42","$ 55,244,151.85","-$ 47,068,225.60"
90,"-$ 205,647,367.06","-$ 9,236,994.24","-$ 969,884.39","-$ 214,884,361.30","$ 563,563.87","-$ 406,320.52","$ 9,800,558.11","$ 223,623,851.42","-$ 215,447,925.17","-$406,320.52",,90,"-$ 95,349,466.07","-$ 4,282,780.18","-$ 449,691.92","-$ 99,632,246.25","$ 462,290.42","$ 12,598.50","$ 4,745,070.60","$ 108,270,462.92","-$ 100,094,536.67",,90,"-$ 47,068,225.60","-$ 2,114,147.80","-$ 221,985.52","-$ 49,182,373.40","$ 417,959.49","$ 195,973.97","$ 2,532,107.29","$ 57,776,259.14","-$ 49,600,332.89"
91,"-$ 215,447,925.17","-$ 9,677,202.64","-$ 1,016,106.28","-$ 225,125,127.81","$ 563,563.87","-$ 452,542.40","$ 10,240,766.51","$ 233,864,617.94","-$ 225,688,691.69","-$452,542.40",,91,"-$ 100,094,536.67","-$ 4,495,912.94","-$ 472,070.86","-$ 104,590,449.61","$ 462,290.42","-$ 9,780.44","$ 4,958,203.36","$ 113,228,666.28","-$ 105,052,740.03",,91,"-$ 49,600,332.89","-$ 2,227,881.62","-$ 233,927.57","-$ 51,828,214.51","$ 417,959.49","$ 184,031.92","$ 2,645,841.11","$ 60,422,100.25","-$ 52,246,174.00"
92,"-$ 225,688,691.69","-$ 10,137,183.73","-$ 1,064,404.29","-$ 235,825,875.42","$ 563,563.87","-$ 500,840.42","$ 10,700,747.61","$ 244,565,365.55","-$ 236,389,439.30","-$500,840.42",,92,"-$ 105,052,740.03","-$ 4,718,618.91","-$ 495,454.99","-$ 109,771,358.94","$ 462,290.42","-$ 33,164.57","$ 5,180,909.33","$ 118,409,575.61","-$ 110,233,649.36",,92,"-$ 52,246,174.00","-$ 2,346,723.98","-$ 246,406.02","-$ 54,592,897.98","$ 417,959.49","$ 171,553.48","$ 2,764,683.48","$ 63,186,783.73","-$ 55,010,857.48"
93,"-$ 236,389,439.30","-$ 10,617,825.65","-$ 1,114,871.69","-$ 247,007,264.94","$ 563,563.87","-$ 551,307.82","$ 11,181,389.52","$ 255,746,755.07","-$ 247,570,828.82","-$551,307.82",,93,"-$ 110,233,649.36","-$ 4,951,328.08","-$ 519,889.45","-$ 115,184,977.44","$ 462,290.42","-$ 57,599.03","$ 5,413,618.50","$ 123,823,194.11","-$ 115,647,267.86",,93,"-$ 55,010,857.48","-$ 2,470,904.35","-$ 259,444.96","-$ 57,481,761.83","$ 417,959.49","$ 158,514.54","$ 2,888,863.84","$ 66,075,647.57","-$ 57,899,721.32"
94,"-$ 247,570,828.82","-$ 11,120,056.39","-$ 1,167,605.92","-$ 258,690,885.21","$ 563,563.87","-$ 604,042.05","$ 11,683,620.27","$ 267,430,375.34","-$ 259,254,449.09","-$604,042.05",,94,"-$ 115,647,267.86","-$ 5,194,489.78","-$ 545,421.43","-$ 120,841,757.64","$ 462,290.42","-$ 83,131.01","$ 5,656,780.20","$ 129,479,974.31","-$ 121,304,048.06",,94,"-$ 57,899,721.32","-$ 2,600,662.48","-$ 273,069.56","-$ 60,500,383.80","$ 417,959.49","$ 144,889.93","$ 3,018,621.98","$ 69,094,269.55","-$ 60,918,343.30"
95,"-$ 259,254,449.09","-$ 11,644,845.67","-$ 1,222,708.80","-$ 270,899,294.76","$ 563,563.87","-$ 659,144.92","$ 12,208,409.55","$ 279,638,784.89","-$ 271,462,858.64","-$659,144.92",,95,"-$ 121,304,048.06","-$ 5,448,573.49","-$ 572,100.22","-$ 126,752,621.55","$ 462,290.42","-$ 109,809.80","$ 5,910,863.91","$ 135,390,838.22","-$ 127,214,911.97",,95,"-$ 60,918,343.30","-$ 2,736,248.92","-$ 287,306.14","-$ 63,654,592.22","$ 417,959.49","$ 130,653.36","$ 3,154,208.41","$ 72,248,477.96","-$ 64,072,551.71"
96,"-$ 271,462,858.64","-$ 12,193,206.73","-$ 1,280,286.71","-$ 283,656,065.37","$ 563,563.87","-$ 716,722.83","$ 12,756,770.61","$ 292,395,555.49","-$ 284,219,629.24","-$716,722.83",,96,"-$ 127,214,911.97","-$ 5,714,069.80","-$ 599,977.33","-$ 132,928,981.77","$ 462,290.42","-$ 137,686.91","$ 6,176,360.22","$ 141,567,198.44","-$ 133,391,272.19",,96,"-$ 64,072,551.71","-$ 2,877,925.45","-$ 302,182.17","-$ 66,950,477.16","$ 417,959.49","$ 115,777.32","$ 3,295,884.94","$ 75,544,362.90","-$ 67,368,436.65"
97,"-$ 284,219,629.24","-$ 12,766,198.35","-$ 1,340,450.83","-$ 296,985,827.59","$ 563,563.87","-$ 776,886.95","$ 13,329,762.22","$ 305,725,317.72","-$ 297,549,391.47","-$776,886.95",,97,"-$ 133,391,272.19","-$ 5,991,491.31","-$ 629,106.59","-$ 139,382,763.50","$ 462,290.42","-$ 166,816.17","$ 6,453,781.73","$ 148,020,980.17","-$ 139,845,053.92",,97,"-$ 67,368,436.65","-$ 3,025,965.61","-$ 317,726.39","-$ 70,394,402.26","$ 417,959.49","$ 100,233.10","$ 3,443,925.11","$ 78,988,288.01","-$ 70,812,361.76"
98,"-$ 297,549,391.47","-$ 13,364,926.83","-$ 1,403,317.32","-$ 310,914,318.30","$ 563,563.87","-$ 839,753.44","$ 13,928,490.71","$ 319,653,808.42","-$ 311,477,882.17","-$839,753.44",,98,"-$ 139,845,053.92","-$ 6,281,373.67","-$ 659,544.24","-$ 146,126,427.59","$ 462,290.42","-$ 197,253.82","$ 6,743,664.09","$ 154,764,644.26","-$ 146,588,718.01",,98,"-$ 70,812,361.76","-$ 3,180,655.25","-$ 333,968.80","-$ 73,993,017.01","$ 417,959.49","$ 83,990.69","$ 3,598,614.74","$ 82,586,902.75","-$ 74,410,976.50"
99,"-$ 311,477,882.17","-$ 13,990,548.21","-$ 1,469,007.56","-$ 325,468,430.38","$ 563,563.87","-$ 905,443.69","$ 14,554,112.08","$ 334,207,920.51","-$ 326,031,994.26","-$905,443.69",,99,"-$ 146,588,718.01","-$ 6,584,276.58","-$ 691,349.04","-$ 153,172,994.59","$ 462,290.42","-$ 229,058.62","$ 7,046,567.00","$ 161,811,211.26","-$ 153,635,285.01",,99,"-$ 74,410,976.50","-$ 3,342,293.03","-$ 350,940.77","-$ 77,753,269.53","$ 417,959.49","$ 67,018.73","$ 3,760,252.52","$ 86,347,155.27","-$ 78,171,229.02"
100,"-$ 326,031,994.26","-$ 14,644,270.41","-$ 1,537,648.39","-$ 340,676,264.67","$ 563,563.87","-$ 974,084.52","$ 15,207,834.28","$ 349,415,754.79","-$ 341,239,828.54","-$974,084.52",,100,"-$ 153,635,285.01","-$ 6,900,784.89","-$ 724,582.41","-$ 160,536,069.90","$ 462,290.42","-$ 262,291.99","$ 7,363,075.30","$ 169,174,286.57","-$ 160,998,360.32",,100,"-$ 78,171,229.02","-$ 3,511,191.04","-$ 368,675.06","-$ 81,682,420.06","$ 417,959.49","$ 49,284.43","$ 3,929,150.53","$ 90,276,305.80","-$ 82,100,379.55"
101,"-$ 341,239,828.54","-$ 15,327,355.63","-$ 1,609,372.34","-$ 356,567,184.17","$ 563,563.87","-$ 1,045,808.47","$ 15,890,919.51","$ 365,306,674.30","-$ 357,130,748.05","-$1,045,808.47",,101,"-$ 160,998,360.32","-$ 7,231,509.68","-$ 759,308.52","-$ 168,229,870.00","$ 462,290.42","-$ 297,018.10","$ 7,693,800.10","$ 176,868,086.67","-$ 168,692,160.42",,101,"-$ 82,100,379.55","-$ 3,687,675.38","-$ 387,205.92","-$ 85,788,054.94","$ 417,959.49","$ 30,753.58","$ 4,105,634.88","$ 94,381,940.68","-$ 86,206,014.43"
102,"-$ 357,130,748.05","-$ 16,041,122.77","-$ 1,684,317.89","-$ 373,171,870.81","$ 563,563.87","-$ 1,120,754.02","$ 16,604,686.64","$ 381,911,360.94","-$ 373,735,434.69","-$1,120,754.02",,102,"-$ 168,692,160.42","-$ 7,577,089.54","-$ 795,594.40","-$ 176,269,249.96","$ 462,290.42","-$ 333,303.98","$ 8,039,379.96","$ 184,907,466.63","-$ 176,731,540.38",,102,"-$ 86,206,014.43","-$ 3,872,086.81","-$ 406,569.12","-$ 90,078,101.24","$ 417,959.49","$ 11,390.38","$ 4,290,046.31","$ 98,671,986.99","-$ 90,496,060.74"
103,"-$ 373,735,434.69","-$ 16,786,949.94","-$ 1,762,629.74","-$ 390,522,384.63","$ 563,563.87","-$ 1,199,065.87","$ 17,350,513.82","$ 399,261,874.75","-$ 391,085,948.50","-$1,199,065.87",,103,"-$ 176,731,540.38","-$ 7,938,191.69","-$ 833,510.13","-$ 184,669,732.07","$ 462,290.42","-$ 371,219.71","$ 8,400,482.11","$ 193,307,948.74","-$ 185,132,022.49",,103,"-$ 90,496,060.74","-$ 4,064,781.39","-$ 426,802.05","-$ 94,560,842.13","$ 417,959.49","-$ 8,842.55","$ 4,482,740.89","$ 103,154,727.88","-$ 94,978,801.63"
104,"-$ 391,085,948.50","-$ 17,566,277.19","-$ 1,844,459.10","-$ 408,652,225.69","$ 563,563.87","-$ 1,280,895.23","$ 18,129,841.06","$ 417,391,715.82","-$ 409,215,789.57","-$1,280,895.23",,104,"-$ 185,132,022.49","-$ 8,315,513.34","-$ 873,128.90","-$ 193,447,535.83","$ 462,290.42","-$ 410,838.48","$ 8,777,803.76","$ 202,085,752.50","-$ 193,909,826.25",,104,"-$ 94,978,801.63","-$ 4,266,131.17","-$ 447,943.77","-$ 99,244,932.80","$ 417,959.49","-$ 29,984.28","$ 4,684,090.67","$ 107,838,818.54","-$ 99,662,892.29"
105,"-$ 409,215,789.57","-$ 18,380,609.21","-$ 1,929,963.97","-$ 427,596,398.78","$ 563,563.87","-$ 1,366,400.09","$ 18,944,173.09","$ 436,335,888.91","-$ 428,159,962.66","-$1,366,400.09",,105,"-$ 193,909,826.25","-$ 8,709,783.03","-$ 914,527.22","-$ 202,619,609.28","$ 462,290.42","-$ 452,236.80","$ 9,172,073.45","$ 211,257,825.95","-$ 203,081,899.70",,105,"-$ 99,662,892.29","-$ 4,476,524.91","-$ 470,035.12","-$ 104,139,417.21","$ 417,959.49","-$ 52,075.62","$ 4,894,484.41","$ 112,733,302.95","-$ 104,557,376.70"
106,"-$ 428,159,962.66","-$ 19,231,518.32","-$ 2,019,309.42","-$ 447,391,480.98","$ 563,563.87","-$ 1,455,745.55","$ 19,795,082.20","$ 456,130,971.10","-$ 447,955,044.85","-$1,455,745.55",,106,"-$ 203,081,899.70","-$ 9,121,761.99","-$ 957,785.01","-$ 212,203,661.70","$ 462,290.42","-$ 495,494.59","$ 9,584,052.41","$ 220,841,878.37","-$ 212,665,952.12",,106,"-$ 104,557,376.70","-$ 4,696,368.84","-$ 493,118.73","-$ 109,253,745.54","$ 417,959.49","-$ 75,159.23","$ 5,114,328.33","$ 117,847,631.28","-$ 109,671,705.03"
107,"-$ 447,955,044.85","-$ 20,120,647.43","-$ 2,112,667.98","-$ 468,075,692.29","$ 563,563.87","-$ 1,549,104.11","$ 20,684,211.31","$ 476,815,182.41","-$ 468,639,256.16","-$1,549,104.11",,107,"-$ 212,665,952.12","-$ 9,552,245.68","-$ 1,002,985.80","-$ 222,218,197.80","$ 462,290.42","-$ 540,695.38","$ 10,014,536.10","$ 230,856,414.47","-$ 222,680,488.22",,107,"-$ 109,671,705.03","-$ 4,926,087.42","-$ 517,239.18","-$ 114,597,792.45","$ 417,959.49","-$ 99,279.69","$ 5,344,046.91","$ 123,191,678.19","-$ 115,015,751.94"
108,"-$ 468,639,256.16","-$ 21,049,713.26","-$ 2,210,219.89","-$ 489,688,969.42","$ 563,563.87","-$ 1,646,656.02","$ 21,613,277.13","$ 498,428,459.54","-$ 490,252,533.29","-$1,646,656.02",,108,"-$ 222,680,488.22","-$ 10,002,065.26","-$ 1,050,216.85","-$ 232,682,553.48","$ 462,290.42","-$ 587,926.43","$ 10,464,355.68","$ 241,320,770.15","-$ 233,144,843.90",,108,"-$ 115,015,751.94","-$ 5,166,124.19","-$ 542,443.04","-$ 120,181,876.13","$ 417,959.49","-$ 124,483.55","$ 5,584,083.69","$ 128,775,761.88","-$ 120,599,835.63"
109,"-$ 490,252,533.29","-$ 22,020,509.62","-$ 2,312,153.51","-$ 512,273,042.91","$ 563,563.87","-$ 1,748,589.64","$ 22,584,073.50","$ 521,012,533.04","-$ 512,836,606.79","-$1,748,589.64",,109,"-$ 233,144,843.90","-$ 10,472,089.24","-$ 1,099,569.37","-$ 243,616,933.14","$ 462,290.42","-$ 637,278.95","$ 10,934,379.66","$ 252,255,149.81","-$ 244,079,223.56",,109,"-$ 120,599,835.63","-$ 5,416,942.62","-$ 568,778.97","-$ 126,016,778.24","$ 417,959.49","-$ 150,819.48","$ 5,834,902.11","$ 134,610,663.99","-$ 126,434,737.74"
110,"-$ 512,836,606.79","-$ 23,034,910.92","-$ 2,418,665.65","-$ 535,871,517.71","$ 563,563.87","-$ 1,855,101.77","$ 23,598,474.80","$ 544,611,007.83","-$ 536,435,081.58","-$1,855,101.77",,110,"-$ 244,079,223.56","-$ 10,963,225.12","-$ 1,151,138.64","-$ 255,042,448.68","$ 462,290.42","-$ 688,848.22","$ 11,425,515.54","$ 263,680,665.35","-$ 255,504,739.10",,110,"-$ 126,434,737.74","-$ 5,679,026.97","-$ 596,297.83","-$ 132,113,764.71","$ 417,959.49","-$ 178,338.34","$ 6,096,986.46","$ 140,707,650.45","-$ 132,531,724.20"
111,"-$ 536,435,081.58","-$ 24,094,875.75","-$ 2,529,961.95","-$ 560,529,957.33","$ 563,563.87","-$ 1,966,398.08","$ 24,658,439.62","$ 569,269,447.46","-$ 561,093,521.21","-$1,966,398.08",,111,"-$ 255,504,739.10","-$ 11,476,421.20","-$ 1,205,024.23","-$ 266,981,160.30","$ 462,290.42","-$ 742,733.81","$ 11,938,711.62","$ 275,619,376.97","-$ 267,443,450.72",,111,"-$ 132,531,724.20","-$ 5,952,883.28","-$ 625,052.74","-$ 138,484,607.48","$ 417,959.49","-$ 207,093.25","$ 6,370,842.77","$ 147,078,493.22","-$ 138,902,566.97"
112,"-$ 561,093,521.21","-$ 25,202,450.66","-$ 2,646,257.32","-$ 586,295,971.87","$ 563,563.87","-$ 2,082,693.44","$ 25,766,014.54","$ 595,035,461.99","-$ 586,859,535.74","-$2,082,693.44",,112,"-$ 267,443,450.72","-$ 12,012,668.33","-$ 1,261,330.17","-$ 279,456,119.05","$ 462,290.42","-$ 799,039.75","$ 12,474,958.75","$ 288,094,335.72","-$ 279,918,409.47",,112,"-$ 138,902,566.97","-$ 6,239,040.30","-$ 655,099.23","-$ 145,141,607.27","$ 417,959.49","-$ 237,139.74","$ 6,656,999.79","$ 153,735,493.02","-$ 145,559,566.77"
113,"-$ 586,859,535.74","-$ 26,359,774.15","-$ 2,767,776.29","-$ 613,219,309.89","$ 563,563.87","-$ 2,204,212.41","$ 26,923,338.02","$ 621,958,800.01","-$ 613,782,873.76","-$2,204,212.41",,113,"-$ 279,918,409.47","-$ 12,573,001.89","-$ 1,320,165.20","-$ 292,491,411.36","$ 462,290.42","-$ 857,874.78","$ 13,035,292.31","$ 301,129,628.03","-$ 292,953,701.78",,113,"-$ 145,559,566.77","-$ 6,538,050.54","-$ 686,495.31","-$ 152,097,617.31","$ 417,959.49","-$ 268,535.81","$ 6,956,010.03","$ 160,691,503.05","-$ 152,515,576.80"
114,"-$ 613,782,873.76","-$ 27,569,080.75","-$ 2,894,753.48","-$ 641,351,954.51","$ 563,563.87","-$ 2,331,189.60","$ 28,132,644.62","$ 650,091,444.63","-$ 641,915,518.38","-$2,331,189.60",,114,"-$ 292,953,701.78","-$ 13,158,503.77","-$ 1,381,642.90","-$ 306,112,205.55","$ 462,290.42","-$ 919,352.48","$ 13,620,794.19","$ 314,750,422.22","-$ 306,574,495.97",,114,"-$ 152,515,576.80","-$ 6,850,491.32","-$ 719,301.59","-$ 159,366,068.13","$ 417,959.49","-$ 301,342.10","$ 7,268,450.82","$ 167,959,953.87","-$ 159,784,027.62"
115,"-$ 641,915,518.38","-$ 28,832,705.37","-$ 3,027,434.06","-$ 670,748,223.75","$ 563,563.87","-$ 2,463,870.19","$ 29,396,269.24","$ 679,487,713.88","-$ 671,311,787.63","-$2,463,870.19",,115,"-$ 306,574,495.97","-$ 13,770,304.44","-$ 1,445,881.97","-$ 320,344,800.41","$ 462,290.42","-$ 983,591.55","$ 14,232,594.86","$ 328,983,017.08","-$ 320,807,090.83",,115,"-$ 159,784,027.62","-$ 7,176,965.91","-$ 753,581.42","-$ 166,960,993.53","$ 417,959.49","-$ 335,621.93","$ 7,594,925.40","$ 175,554,879.27","-$ 167,378,953.02"
116,"-$ 671,311,787.63","-$ 30,153,087.79","-$ 3,166,074.22","-$ 701,464,875.42","$ 563,563.87","-$ 2,602,510.34","$ 30,716,651.67","$ 710,204,365.55","-$ 702,028,439.30","-$2,602,510.34",,116,"-$ 320,807,090.83","-$ 14,409,585.16","-$ 1,513,006.44","-$ 335,216,676.00","$ 462,290.42","-$ 1,050,716.02","$ 14,871,875.58","$ 343,854,892.67","-$ 335,678,966.42",,116,"-$ 167,378,953.02","-$ 7,518,104.64","-$ 789,400.99","-$ 174,897,057.66","$ 417,959.49","-$ 371,441.49","$ 7,936,064.13","$ 183,490,943.41","-$ 175,315,017.16"
117,"-$ 702,028,439.30","-$ 31,532,777.40","-$ 3,310,941.63","-$ 733,561,216.69","$ 563,563.87","-$ 2,747,377.75","$ 32,096,341.27","$ 742,300,706.82","-$ 734,124,780.57","-$2,747,377.75",,117,"-$ 335,678,966.42","-$ 15,077,580.24","-$ 1,583,145.93","-$ 350,756,546.66","$ 462,290.42","-$ 1,120,855.51","$ 15,539,870.66","$ 359,394,763.33","-$ 351,218,837.08",,117,"-$ 175,315,017.16","-$ 7,874,566.19","-$ 826,829.45","-$ 183,189,583.34","$ 417,959.49","-$ 408,869.96","$ 8,292,525.68","$ 191,783,469.09","-$ 183,607,542.84"
118,"-$ 734,124,780.57","-$ 32,974,438.06","-$ 3,462,316.00","-$ 767,099,218.63","$ 563,563.87","-$ 2,898,752.12","$ 33,538,001.94","$ 775,838,708.75","-$ 767,662,782.50","-$2,898,752.12",,118,"-$ 351,218,837.08","-$ 15,775,579.43","-$ 1,656,435.84","-$ 366,994,416.51","$ 462,290.42","-$ 1,194,145.42","$ 16,237,869.85","$ 375,632,633.18","-$ 367,456,706.93",,118,"-$ 183,607,542.84","-$ 8,247,038.80","-$ 865,939.07","-$ 191,854,581.64","$ 417,959.49","-$ 447,979.58","$ 8,664,998.29","$ 200,448,467.38","-$ 192,272,541.13"
119,"-$ 767,662,782.50","-$ 34,480,853.31","-$ 3,620,489.60","-$ 802,143,635.82","$ 563,563.87","-$ 3,056,925.72","$ 35,044,417.19","$ 810,883,125.94","-$ 802,707,199.69","-$3,056,925.72",,119,"-$ 367,456,706.93","-$ 16,504,930.42","-$ 1,733,017.69","-$ 383,961,637.35","$ 462,290.42","-$ 1,270,727.27","$ 16,967,220.84","$ 392,599,854.02","-$ 384,423,927.77",,119,"-$ 192,272,541.13","-$ 8,636,241.64","-$ 906,805.37","-$ 200,908,782.77","$ 417,959.49","-$ 488,845.88","$ 9,054,201.13","$ 209,502,668.51","-$ 201,326,742.26"
120,"-$ 802,707,199.69","-$ 36,054,931.72","-$ 3,785,767.83","-$ 838,762,131.41","$ 563,563.87","-$ 3,222,203.96","$ 36,618,495.59","$ 847,501,621.54","-$ 839,325,695.29","-$3,222,203.96",,120,"-$ 384,423,927.77","-$ 17,267,041.42","-$ 1,813,039.35","-$ 401,690,969.19","$ 462,290.42","-$ 1,350,748.93","$ 17,729,331.84","$ 410,329,185.86","-$ 402,153,259.61",,120,"-$ 201,326,742.26","-$ 9,042,926.17","-$ 949,507.25","-$ 210,369,668.44","$ 417,959.49","-$ 531,547.75","$ 9,460,885.67","$ 218,963,554.18","-$ 210,787,627.93"
TOTAL, ,"-$ 779,873,956.55","-$ 81,886,765.44", ,"$ 67,627,664.99","-$ 14,259,100.45","$ 847,501,621.54", , ,,,TOTAL, ,"-$ 354,854,335.52","-$ 37,259,705.23", ,"$ 55,474,850.34","$ 18,215,145.11","$ 410,329,185.86", , ,,TOTAL, ,"-$ 168,808,414.92","-$ 17,724,883.57", ,"$ 50,155,139.26","$ 32,430,255.69","$ 218,963,554.18", , 
,,,,,,,,,,,,,,,,,,,,,,,,,,,,,,,,
"(1) El importe de la cuota final podr variar por la incidencia de impuestos (segn la situacin fiscal del cliente) no contemplados en el presente, o por la",,,,,,,,,,,,"(1) El importe de la cuota final podr variar por la incidencia de impuestos (segn la situacin fiscal del cliente) no contemplados en el presente, o por la",,,,,,,,,,,"(1) El importe de la cuota final podr variar por la incidencia de impuestos (segn la situacin fiscal del cliente) no contemplados en el presente, o por la",,,,,,,,,
variacin en el clculo de intereses segn el da de otorgamiento definitivo.,,,,,,,,,,,,variacin en el clculo de intereses segn el da de otorgamiento definitivo.,,,,,,,,,,,variacin en el clculo de intereses segn el da de otorgamiento definitivo.,,,,,,,,,
,,,,,,,,,,,,,,,,,,,,,,,,,,,,,,,,
"Los resultados obtenidos en este documento no son vlidos como propuesta ni obligacin del Banco de otorgamiento del crdito, representando solamente",,,,,,,,,,,,"Los resultados obtenidos en este documento no son vlidos como propuesta ni obligacin del Banco de otorgamiento del crdito, representando solamente",,,,,,,,,,,"Los resultados obtenidos en este documento no son vlidos como propuesta ni obligacin del Banco de otorgamiento del crdito, representando solamente",,,,,,,,,
"una simulacin con fines orientativos. Las tasas, plazos y dems condiciones pueden ser modificadas y solo tienen validez para el da de emisin de la presente cotizacin.",,,,,,,,,,,,"una simulacin con fines orientativos. Las tasas, plazos y dems condiciones pueden ser modificadas y solo tienen validez para el da de emisin de la presente cotizacin.",,,,,,,,,,,"una simulacin con fines orientativos. Las tasas, plazos y dems condiciones pueden ser modificadas y solo tienen validez para el da de emisin de la presente cotizacin.",,,,,,,,,
Las operaciones de crdito estn sujetas a anlisis y aprobacin por parte de Banco Ro.,,,,,,,,,,,,Las operaciones de crdito estn sujetas a anlisis y aprobacin por parte de Banco Ro.,,,,,,,,,,,Las operaciones de crdito estn sujetas a anlisis y aprobacin por parte de Banco Ro.,,,,,,,,,